CM,chi,fisher,numerical,homoplasy,comments
rpoC_E1092D,TRUE,TRUE,TRUE,FALSE,
rpoC_V483G,TRUE,TRUE,TRUE,TRUE,
rpoC_G594E,TRUE,TRUE,FALSE,FALSE,ONLY IN ONE LINEAGE AND ONE BLOCK
rpoB_c-61t,TRUE,TRUE,FALSE,FALSE,ONLY IN LINEAGE 3 AND MOSTLY ONE BLOCK
rpoC_I491V,TRUE,TRUE,TRUE,TRUE,
rpoC_V483A,TRUE,TRUE,TRUE,TRUE,
rpoC_I491T,TRUE,TRUE,TRUE,TRUE,
rpoC_P1040R,TRUE,TRUE,TRUE,TRUE,
rpoC_F452S,TRUE,TRUE,TRUE,TRUE,
rpoB_E761D,TRUE,TRUE,TRUE,FALSE,ONLY 2 INDEPENDENT OCCURRENCES
rpoC_A172V,TRUE,FALSE,FALSE,FALSE,N/D
rpoB_L731P,TRUE,TRUE,TRUE,TRUE,
rpoC_N698S,TRUE,TRUE,TRUE,TRUE,
rpoC_D485Y,TRUE,TRUE,TRUE,TRUE,
rpoC_V517L,TRUE,TRUE,TRUE,TRUE,
rpoC_G332S,TRUE,TRUE,TRUE,TRUE,
rpoC_V1252L,TRUE,TRUE,TRUE,TRUE,
rpoA_T187A,TRUE,TRUE,TRUE,TRUE,
rpoC_D485N,TRUE,TRUE,TRUE,TRUE,
rpoC_L516P,TRUE,TRUE,TRUE,TRUE,
rpoC_G433S,TRUE,TRUE,TRUE,TRUE,
rpoB_R827C,TRUE,TRUE,TRUE,TRUE,
rpoC_P1040S,TRUE,TRUE,TRUE,TRUE,
rpoC_L527V,TRUE,TRUE,TRUE,TRUE,
rpoC_G332R,TRUE,TRUE,TRUE,TRUE,
rpoC_P1040A,TRUE,TRUE,TRUE,TRUE,
rpoB_I1106T,TRUE,TRUE,TRUE,FALSE,ONLY 2 BLOCKS VERY CLOSE TO EACH OTHER IN LINEAGE 4
rpoC_P601L,TRUE,FALSE,FALSE,FALSE,N/D
rpoC_K445R,TRUE,TRUE,TRUE,TRUE,
rpoC_F452L,TRUE,TRUE,TRUE,TRUE,
rpoB_V695L,TRUE,TRUE,FALSE,FALSE,ONLY 1 BIG BLOCK
rpoC_W484G,TRUE,TRUE,FALSE,TRUE,
rpoC_L547V,TRUE,TRUE,TRUE,FALSE,
rpoB_A692T,TRUE,TRUE,FALSE,FALSE,ONLY ONE BLOCK
rpoB_I480V,TRUE,TRUE,TRUE,TRUE,
rpoA_V183G,TRUE,TRUE,FALSE,TRUE,
rpoB_K891E,TRUE,TRUE,TRUE,TRUE,
rpoC_N416S,TRUE,TRUE,TRUE,TRUE,
rpoC_P481T,TRUE,TRUE,FALSE,FALSE,ONLY 1 OCCURRENCE
rpoB_Q409R,TRUE,TRUE,FALSE,TRUE,
rpoC_V1039A,TRUE,TRUE,FALSE,TRUE,
rpoC_A521D,TRUE,TRUE,FALSE,TRUE,
rpoB_Q975H,TRUE,TRUE,FALSE,FALSE,ONLY 1 BLOCK
rpoB_P45S,TRUE,TRUE,FALSE,TRUE,
rpoC_N826T,TRUE,TRUE,FALSE,FALSE,ONLY 1 OCCURRENCE
rpoA_-40_indel,TRUE,TRUE,FALSE,TRUE,
rpoC_L507V,TRUE,TRUE,FALSE,TRUE,
rpoC_V431M,TRUE,TRUE,FALSE,TRUE,
rpoB_V496A,TRUE,TRUE,FALSE,FALSE,ONLY 2 SMALL BLOCKS
rpoB_I488V,TRUE,TRUE,FALSE,TRUE,
rpoC_V1252M,TRUE,TRUE,FALSE,TRUE,
rpoA_E319K,TRUE,FALSE,FALSE,FALSE,N/D
rpoB_A286V,TRUE,TRUE,FALSE,TRUE,
rpoC_K1152Q,TRUE,TRUE,FALSE,FALSE,ONLY 1 OCCURRENCE
rpoC_T812I,TRUE,TRUE,FALSE,TRUE,
rpoC_G519D,TRUE,TRUE,FALSE,TRUE,
rpoC_L449V,TRUE,TRUE,FALSE,TRUE,
rpoB_R827L,TRUE,TRUE,FALSE,TRUE,
rpoC_F452C,TRUE,TRUE,FALSE,TRUE,
rpoB_A405P,TRUE,TRUE,FALSE,FALSE,N/D
rpoA_A180V,TRUE,TRUE,FALSE,TRUE,
rpoC_N698K,TRUE,TRUE,FALSE,TRUE,
rpoA_D190G,TRUE,TRUE,FALSE,TRUE,
rpoC_E1033A,TRUE,TRUE,TRUE,TRUE,
rpoC_H525Q,TRUE,TRUE,FALSE,TRUE,
rpoC_P434R,TRUE,TRUE,FALSE,TRUE,
rpoA_G31S,TRUE,TRUE,FALSE,TRUE,
rpoB_P45L,TRUE,TRUE,FALSE,TRUE,
sigA_247_indel,TRUE,TRUE,FALSE,FALSE,N/D
rpoA_E184D,TRUE,TRUE,FALSE,TRUE,
rpoB_F503S,TRUE,TRUE,FALSE,TRUE,
rpoC_S561P,TRUE,TRUE,TRUE,TRUE,
rpoB_T400A,TRUE,TRUE,FALSE,TRUE,
rpoC_S428A,TRUE,TRUE,FALSE,TRUE,
rpoB_I491V,TRUE,TRUE,FALSE,TRUE,
rpoB_S874Y,TRUE,TRUE,FALSE,TRUE,
rpoB_R552L,TRUE,TRUE,FALSE,FALSE,ONLY 1 SMALL BLOCK AND ONE OTHER SINGLE
rpoA_G31A,TRUE,TRUE,FALSE,FALSE,ONLY 2 OCCURRENCES
rpoC_D747A,TRUE,TRUE,FALSE,TRUE,
rpoC_P1040L,TRUE,TRUE,FALSE,FALSE,ONLY 1 OCCURRENCE
rpoC_E1033K,TRUE,TRUE,FALSE,TRUE,
rpoC_R741S,TRUE,TRUE,FALSE,FALSE,ONLY 1 BLOCK
rpoC_E1137G,TRUE,TRUE,FALSE,TRUE,
rpoC_T1230I,TRUE,TRUE,FALSE,TRUE,
rpoC_W484S,TRUE,TRUE,FALSE,TRUE,
rpoB_H835R,TRUE,TRUE,FALSE,TRUE,
rpoC_L449R,TRUE,TRUE,FALSE,FALSE,ONLY 2 SINGLE OCCURRENCES OVERALL
rpoC_N698H,TRUE,TRUE,FALSE,TRUE,
rpoB_R827H,TRUE,TRUE,FALSE,TRUE,
rpoC_D271G,TRUE,FALSE,FALSE,FALSE,N/D
rpoA_R182L,TRUE,TRUE,FALSE,FALSE,ONLY 1 SMALL BLOCK
rpoC_F831L,TRUE,TRUE,FALSE,TRUE,
rpoZ_P85S,TRUE,TRUE,FALSE,FALSE,ONLY 1 BLOCK
rpoC_G332C,TRUE,TRUE,FALSE,FALSE,ONLY 1 SMALL BLOCK AND ONE SINGLE OCCURRENCE
rpoB_V496M,TRUE,TRUE,FALSE,TRUE,
rpoC_H525N,TRUE,TRUE,FALSE,TRUE,
rpoB_V534M,TRUE,TRUE,FALSE,TRUE,
rpoC_Q523E,TRUE,TRUE,FALSE,TRUE,
rpoC_E518D,TRUE,TRUE,FALSE,TRUE,
rpoB_V168A,TRUE,TRUE,TRUE,FALSE,ONLY 2 SINGLE OCCURRENCES OVERALL
rpoB_R552H,TRUE,TRUE,FALSE,TRUE,
rpoC_P1040Q,TRUE,TRUE,FALSE,FALSE,ONLY 1 SINGLE OCCURRENCE
rpoB_E550G,TRUE,TRUE,FALSE,FALSE,ONLY 1 SMALL BLOCK AND ONE OTHER SINGLE
rpoB_T399I,TRUE,TRUE,FALSE,TRUE,
rpoC_Q1125H,TRUE,TRUE,FALSE,TRUE,
rpoB_H1028R,TRUE,TRUE,TRUE,FALSE,ONLY ONE SMALL BLOCK
rpoB_F971L,TRUE,TRUE,FALSE,TRUE,
rpoC_R770H,TRUE,TRUE,FALSE,FALSE,ONLY 2 SINGLE OCCURRENCES OVERALL
rpoC_P434Q,TRUE,TRUE,FALSE,TRUE,
rpoC_P434T,TRUE,TRUE,FALSE,FALSE,ONLY 1 SMALL BLOCK AND ONE OTHER SINGLE
sigA_D146E,TRUE,TRUE,TRUE,FALSE,ONLY ONE SMALL BLOCK AND ONE SINGLE OCCURRENCE
rpoA_V183A,TRUE,TRUE,FALSE,TRUE,
rpoC_V1039G,TRUE,TRUE,FALSE,TRUE,
rpoC_K1152N,TRUE,TRUE,FALSE,FALSE,ONLY 1 SINGLE OCCURRENCE
rpoC_P1040T,TRUE,TRUE,FALSE,FALSE,
rpoA_P25R,TRUE,TRUE,TRUE,FALSE,N/D
rpoC_A734V,TRUE,TRUE,FALSE,TRUE,
rpoC_G433A,TRUE,TRUE,FALSE,TRUE,
rpoC_K715T,TRUE,TRUE,FALSE,TRUE,
rpoC_E750G,TRUE,TRUE,FALSE,TRUE,
rpoB_H723D,TRUE,TRUE,FALSE,TRUE,
rpoC_I885V,TRUE,TRUE,FALSE,TRUE,
rpoC_E750D,TRUE,TRUE,FALSE,FALSE,ONLY 2 INDEPENDENT OCCURRENCES
rpoC_Q1110H,TRUE,TRUE,FALSE,FALSE,ONLY 1 SMALL BLOCK
rpoB_L42V,TRUE,TRUE,FALSE,FALSE,ONLY 1 SINGLE OCCURRENCE
rpoC_G433C,TRUE,TRUE,FALSE,FALSE,ONLY 2 SINGLE OCCURRENCES OVERALL
rpoC_E1113G,TRUE,TRUE,FALSE,FALSE,ONLY 1 SMALL BLOCK
rpoB_I588V,TRUE,TRUE,FALSE,FALSE,ONLY 2 SINGLE OCCURRENCES OVERALL
rpoC_E1140D,TRUE,TRUE,FALSE,FALSE,ONLY 1 SMALL BLOCK
rpoC_E757G,TRUE,TRUE,FALSE,TRUE,
rpoC_G388A,TRUE,TRUE,TRUE,TRUE,
rpoB_V970A,TRUE,TRUE,FALSE,FALSE,ONLY 2 SINGLE OCCURRENCES OVERALL
rpoB_I491L,TRUE,TRUE,TRUE,TRUE,
rpoC_Q479R,TRUE,TRUE,FALSE,TRUE,
rpoB_V534A,TRUE,TRUE,FALSE,TRUE,
rpoB_Y564H,TRUE,TRUE,FALSE,TRUE,
rpoB_L554P,TRUE,TRUE,FALSE,FALSE,ONLY 1 SMALL BLOCK
rpoB_R552C,TRUE,TRUE,FALSE,FALSE,ONLY 2 SINGLE OCCURRENCES OVERALL
rpoC_P434A,TRUE,TRUE,FALSE,FALSE,ONLY 1 SINGLE OCCURRENCE
sigA_A223T,TRUE,TRUE,TRUE,FALSE,ONE SMALL BLOCK
rpoB_D574E,TRUE,TRUE,FALSE,FALSE,ONLY 1 SINGLE OCCURRENCE
rpoA_T181A,TRUE,TRUE,FALSE,TRUE,
rpoB_E207K,TRUE,TRUE,TRUE,FALSE,ONE SMALL BLOCK AND A SINGLE OCCURRENCE
rpoC_A492V,TRUE,TRUE,FALSE,TRUE,
rpoB_R167C,TRUE,TRUE,TRUE,FALSE,ONE SMALL BLOCK AND A SINGLE OCCURRENCE
rpoB_I873F,TRUE,TRUE,FALSE,TRUE,
rpoC_G519R,TRUE,TRUE,FALSE,FALSE,ONLY 1 SINGLE OCCURRENCE
rpoA_T187P,TRUE,TRUE,FALSE,FALSE,ONLY 1 SMALL BLOCK AND ONE SINGLE OCCURRENCE
rpoC_E488Q,TRUE,TRUE,FALSE,FALSE,ONLY 2 SINGLE OCCURRENCES OVERALL
rpoC_G571R,TRUE,TRUE,TRUE,FALSE,TWO SINGLE OCCURRENCES
rpoB_T400S,TRUE,TRUE,FALSE,FALSE,ONLY 1 SINGLE OCCURRENCE
rpoC_D747G,TRUE,TRUE,FALSE,FALSE,ONLY 2 SINGLE OCCURRENCES OVERALL
rpoC_A1213E,TRUE,TRUE,FALSE,TRUE,
rpoB_a-83g,TRUE,TRUE,FALSE,FALSE,ONLY 1 SMALL BLOCK
rpoB_M920V,TRUE,FALSE,FALSE,FALSE,N/D
rpoC_V1124G,TRUE,TRUE,FALSE,FALSE,ONLY 1 SINGLE OCCURRENCE
rpoC_N416T,TRUE,TRUE,FALSE,FALSE,ONLY 2 SINGLE OCCURRENCES OVERALL
rpoB_P45T,TRUE,TRUE,FALSE,TRUE,
rpoC_W484L,TRUE,TRUE,FALSE,FALSE,ONLY 1 SINGLE OCCURRENCE
rpoC_V1147A,TRUE,TRUE,FALSE,TRUE,
rpoB_V970M,TRUE,FALSE,FALSE,FALSE,N/D
rpoC_L405M,TRUE,TRUE,TRUE,FALSE,N/D
rpoC_D735E,TRUE,TRUE,FALSE,FALSE,N/D
rpoC_H748P,TRUE,TRUE,FALSE,TRUE,
rpoC_P434L,TRUE,FALSE,FALSE,FALSE,
rpoB_N487S,TRUE,TRUE,FALSE,FALSE,ONLY 1 SINGLE OCCURRENCE
rpoC_T825A,TRUE,FALSE,FALSE,FALSE,N/D
rpoB_L464M,TRUE,TRUE,TRUE,FALSE,N/D
rpoB_I491M,TRUE,TRUE,FALSE,TRUE,
rpoB_V496L,TRUE,FALSE,FALSE,FALSE,N/D
rpoC_T853A,TRUE,TRUE,TRUE,FALSE,ONE SMALL BLOCK AND A SINGLE OCCURRENCE
rpoZ_T107I,TRUE,TRUE,TRUE,FALSE,N/D
rpoB_R219C,TRUE,FALSE,FALSE,FALSE,N/D
rpoC_R572H,TRUE,FALSE,FALSE,FALSE,N/D
rpoB_L862R,TRUE,TRUE,FALSE,FALSE,N/D
rpoC_L402F,TRUE,FALSE,FALSE,FALSE,N/D
rpoC_D714E,TRUE,FALSE,FALSE,FALSE,N/D
rpoB_K832E,TRUE,FALSE,FALSE,FALSE,N/D
sigA_L386M,N/D,TRUE,FALSE,FALSE,N/D
sigA_G380A,N/D,TRUE,FALSE,FALSE,N/D
rpoC_I128V,N/D,TRUE,FALSE,FALSE,N/D
sigA_I382V,N/D,TRUE,FALSE,FALSE,N/D
rpoB_R791T,N/D,TRUE,FALSE,FALSE,N/D
rpoB_E460D,N/D,TRUE,FALSE,FALSE,N/D
sigA_E385Q,N/D,TRUE,FALSE,FALSE,N/D